{
  "distillation": {
    "spb": 101,
    "cli_sample_ms": 0.011407183168316832,
    "md_sample_ms": 11.659390564356437,
    "ratio": 1022.109524526625,
    "cli_compile_ms": 3.2713300000000003,
    "md_plan_ms": 57.340957,
    "cli_reps": 400,
    "md_reps": 11,
    "cli_std": 0.0013767282869796636,
    "md_std": 0.07433871017494047,
    "cli_p5": 0.011149534653465347,
    "cli_p95": 0.012480891089108912,
    "md_p5": 11.50981182178218,
    "md_p95": 11.755061742574258
  },
  "cultivation_d3": {
    "spb": 161,
    "cli_sample_ms": 0.0021477639751552795,
    "md_sample_ms": 5.88602847204969,
    "ratio": 2740.5378524538014,
    "cli_compile_ms": 0.85818,
    "md_plan_ms": 23.176899000000002,
    "cli_reps": 400,
    "md_reps": 11,
    "cli_std": 7.89931301596916e-05,
    "md_std": 0.05773038058144312,
    "cli_p5": 0.0021330000000000003,
    "cli_p95": 0.0023037204968944097,
    "md_p5": 5.806976633540373,
    "md_p95": 6.003159639751553
  },
  "cultivation_d5": {
    "spb": 16,
    "cli_sample_ms": 0.0810965,
    "md_sample_ms": 71.53925231250001,
    "ratio": 882.1496897215047,
    "cli_compile_ms": 5.013827,
    "md_plan_ms": 452.898079,
    "cli_reps": 400,
    "md_reps": 11,
    "cli_std": 0.0036989932299461535,
    "md_std": 1.3102663387205578,
    "cli_p5": 0.08061600000000001,
    "cli_p95": 0.09233425,
    "md_p5": 70.19041100000001,
    "md_p95": 74.37538975000001
  },
  "coherent_d3_r1": {
    "spb": 612,
    "cli_sample_ms": 0.0013219893790849674,
    "md_sample_ms": 1.3324377009803923,
    "ratio": 1007.9034839921761,
    "cli_compile_ms": 0.266668,
    "md_plan_ms": 5.762476,
    "cli_reps": 400,
    "md_reps": 11,
    "cli_std": 8.96819412183358e-05,
    "md_std": 0.012235205553412749,
    "cli_p5": 0.0012389379084967321,
    "cli_p95": 0.0013856274509803923,
    "md_p5": 1.3182328104575163,
    "md_p95": 1.3646373709150328
  },
  "coherent_d3_r3": {
    "spb": 132,
    "cli_sample_ms": 0.013964037878787878,
    "md_sample_ms": 6.097830765151516,
    "ratio": 436.681053007916,
    "cli_compile_ms": 0.508549,
    "md_plan_ms": 34.68131400000001,
    "cli_reps": 400,
    "md_reps": 11,
    "cli_std": 0.002483317170398335,
    "md_std": 0.08845632435453536,
    "cli_p5": 0.01351810606060606,
    "cli_p95": 0.02050565151515152,
    "md_p5": 5.985964257575758,
    "md_p95": 6.28616718939394
  },
  "coherent_d5_r1": {
    "spb": 148,
    "cli_sample_ms": 0.20516138175675674,
    "md_sample_ms": 5.538902675675676,
    "ratio": 26.997784028588306,
    "cli_compile_ms": 0.989574,
    "md_plan_ms": 29.015077,
    "cli_reps": 82,
    "md_reps": 11,
    "cli_std": 0.0047843668960489884,
    "md_std": 0.04380575885234587,
    "cli_p5": 0.2014245810810811,
    "cli_p95": 0.21541838513513514,
    "md_p5": 5.466507581081082,
    "md_p95": 5.62947822972973
  },
  "coherent_d5_r5": {
    "spb": 1,
    "cli_sample_ms": 8616.952279000001,
    "md_sample_ms": 129.90141,
    "ratio": 0.015075099152698926,
    "cli_compile_ms": 2.89963,
    "md_plan_ms": 706.9724120000001,
    "cli_reps": 3,
    "md_reps": 19,
    "cli_std": 6.082036082321875,
    "md_std": 3.489591964684914,
    "cli_p5": 8614.489293,
    "cli_p95": 8628.445192000001,
    "md_p5": 127.73607700000001,
    "md_p95": 138.791076
  },
  "coherent_rx_d3_r1": {
    "spb": 115,
    "cli_sample_ms": 0.13020607826086955,
    "md_sample_ms": 7.04044067826087,
    "ratio": 54.07152087136252,
    "cli_compile_ms": 0.26669000000000004,
    "md_plan_ms": 30.729353,
    "cli_reps": 166,
    "md_reps": 11,
    "cli_std": 0.0026433873267500906,
    "md_std": 0.10595427806951406,
    "cli_p5": 0.12928022608695655,
    "cli_p95": 0.13642619130434783,
    "md_p5": 6.9457341652173925,
    "md_p95": 7.340952852173913
  },
  "coherent_ry_d3_r3": {
    "spb": 1,
    "cli_sample_ms": 5.4135435,
    "md_sample_ms": 471.844596,
    "ratio": 87.16002669970233,
    "cli_compile_ms": 0.714124,
    "md_plan_ms": 1907.138112,
    "cli_reps": 400,
    "md_reps": 11,
    "cli_std": 0.09606473869865413,
    "md_std": 5.323825208779257,
    "cli_p5": 5.383449000000001,
    "cli_p95": 5.662012,
    "md_p5": 462.22832700000004,
    "md_p95": 479.38476700000007
  }
}