{
  "circuit": "coherent_d5_r5",
  "steps_compared": 3229,
  "program_steps": 3229,
  "peak_clifft_bytes": 268435456,
  "peak_ttn_bytes": 227807856,
  "peak_nc_bytes": 137710,
  "peak_nc_bytes_resident": 72284,
  "peak_nc_state_bytes": 131072,
  "peak_nc_state_bytes_resident": 65536,
  "peak_nc_overhead_bytes": 7922,
  "peak_dense_over_ttn": 1.1783415230421201,
  "peak_dense_over_nc": 1949.2807784474621,
  "peak_dense_over_nc_state": 2048.0,
  "peak_ttn_over_nc": 1654.2579042916273,
  "sum_clifft_bytes": 472873638816,
  "sum_ttn_bytes": 63739826608,
  "sum_nc_bytes": 137345744,
  "sum_nc_bytes_resident": 134304060,
  "sum_nc_state_bytes": 120708752,
  "sum_nc_state_bytes_resident": 118011856,
  "sum_dense_over_ttn": 7.418809619991177,
  "sum_dense_over_nc": 3442.9435164441643,
  "sum_dense_over_nc_state": 3917.4759988902874,
  "sum_ttn_over_nc": 464.08301234292344,
  "max_active_idents": 24,
  "peak_clifft_qubits": 24,
  "peak_ttn_qubits": 23.76,
  "peak_nc_qubits": 13,
  "peak_nc_qubits_resident": 12
}