{
 "coherent_d5_r5": {
  "baseline": {
   "unknown": 58.6162719,
   "py-numerical": 3.1699404,
   "dispatch": 34.3873538,
   "stabilizer-gk": 2.4805423,
   "frame-ledger": 91.94080140000001,
   "rng-noise": 0.6239221,
   "cpp-numerical": 13.638227599999999,
   "record-output": 0.07181960000000001
  },
  "baseline_total": 204.9288791,
  "s1s2b": {
   "unknown": 15.181036099999996,
   "py-numerical": 3.1570657,
   "dispatch": 17.8698465,
   "stabilizer-gk": 2.6515661,
   "frame-ledger": 75.40301200000002,
   "rng-noise": 0.6314572,
   "cpp-numerical": 13.687242500000002,
   "record-output": 0.0746545
  },
  "s1s2b_total": 128.65588060000002
 },
 "coherent_ry_d3_r3": {
  "baseline": {
   "unknown": 24.113554699999998,
   "py-numerical": 559.9183945999999,
   "dispatch": 8.520959100000002,
   "frame-ledger": 43.498018200000004,
   "rng-noise": 0.058125300000000005,
   "cpp-numerical": 1.9470242000000002,
   "record-output": 0.0358271,
   "stabilizer-gk": 0.44163420000000003
  },
  "baseline_total": 638.5335373999999,
  "s1s2b": {
   "unknown": 19.527978600000004,
   "py-numerical": 36.86501320000001,
   "dispatch": 4.0023225,
   "frame-ledger": 26.346218200000003,
   "rng-noise": 0.056400399999999996,
   "cpp-numerical": 6.115448700000001,
   "record-output": 0.034845799999999996,
   "stabilizer-gk": 0.45996059999999994
  },
  "s1s2b_total": 93.40818800000002
 },
 "distillation": {
  "baseline": {
   "unknown": 4.020307433333335,
   "py-numerical": 0.10900557999999999,
   "dispatch": 18.51609826,
   "stabilizer-gk": 0.009271466666666667,
   "frame-ledger": 0.5286244133333333,
   "rng-noise": 1.59777308,
   "cpp-numerical": 0.26610274000000006,
   "record-output": 0.03758725333333334
  },
  "baseline_total": 25.084770226666667,
  "s1s2b": {
   "unknown": 3.4433436666666664,
   "py-numerical": 0.10698757333333331,
   "dispatch": 11.639506893333333,
   "stabilizer-gk": 0.008510353333333333,
   "frame-ledger": 0.3871296066666666,
   "rng-noise": 1.5841707933333333,
   "cpp-numerical": 0.2527545266666667,
   "record-output": 0.028990746666666668
  },
  "s1s2b_total": 17.45139416
 },
 "coherent_d3_r3": {
  "baseline": {
   "unknown": 2.936416390000001,
   "py-numerical": 0.28206827,
   "dispatch": 5.78177773,
   "stabilizer-gk": 0.17488495999999998,
   "frame-ledger": 3.1306311900000003,
   "rng-noise": 0.058391990000000005,
   "cpp-numerical": 0.86838098,
   "record-output": 0.015811310000000002
  },
  "baseline_total": 13.248362820000002,
  "s1s2b": {
   "unknown": 2.2599711200000003,
   "py-numerical": 0.2809544,
   "dispatch": 2.9008983500000003,
   "stabilizer-gk": 0.17722760999999998,
   "frame-ledger": 2.576852830000001,
   "rng-noise": 0.05735346000000001,
   "cpp-numerical": 0.86885943,
   "record-output": 0.016080780000000003
  },
  "s1s2b_total": 9.138197980000003
 }
}