{
  "circuit": "coherent_d5_r5",
  "steps_compared": 3229,
  "program_steps": 3229,
  "peak_clifft_bytes": 268435456,
  "peak_ttn_bytes": 227807856,
  "peak_nc_bytes": 138214,
  "peak_nc_bytes_resident": 72692,
  "peak_nc_state_bytes": 131072,
  "peak_nc_state_bytes_resident": 65536,
  "peak_nc_overhead_bytes": 8330,
  "peak_dense_over_ttn": 1.1783415230421201,
  "peak_dense_over_nc": 1942.1726887290722,
  "peak_dense_over_nc_state": 2048.0,
  "peak_ttn_over_nc": 1648.2256211382348,
  "sum_clifft_bytes": 472873638816,
  "sum_ttn_bytes": 63739826608,
  "sum_nc_bytes": 139033946,
  "sum_nc_bytes_resident": 135992262,
  "sum_nc_state_bytes": 120708752,
  "sum_nc_state_bytes_resident": 118011856,
  "sum_dense_over_ttn": 7.418809619991177,
  "sum_dense_over_nc": 3401.1380128418423,
  "sum_dense_over_nc_state": 3917.4759988902874,
  "sum_ttn_over_nc": 458.4479434108847,
  "max_active_idents": 24,
  "peak_clifft_qubits": 24,
  "peak_ttn_qubits": 23.76,
  "peak_nc_qubits": 13,
  "peak_nc_qubits_resident": 12
}