{
  "circuit": "coherent_d5_r1",
  "steps_compared": 858,
  "program_steps": 858,
  "peak_clifft_bytes": 131072,
  "peak_ttn_bytes": 47888,
  "peak_nc_bytes": 2140,
  "peak_nc_bytes_resident": 2140,
  "peak_dense_over_ttn": 2.737053123955897,
  "peak_dense_over_nc": 61.248598130841124,
  "peak_ttn_over_nc": 22.377570093457944,
  "sum_clifft_bytes": 34798992,
  "sum_ttn_bytes": 13392592,
  "sum_nc_bytes": 1288496,
  "sum_nc_bytes_resident": 1288496,
  "sum_dense_over_ttn": 2.5983761769192997,
  "sum_dense_over_nc": 27.007450546994324,
  "sum_ttn_over_nc": 10.39397250748159,
  "max_active_idents": 13,
  "peak_clifft_qubits": 13,
  "peak_ttn_qubits": 11.55,
  "peak_nc_qubits": 0,
  "peak_nc_qubits_resident": 0
}