{
  "circuit": "cultivation_d5",
  "steps_compared": 1785,
  "program_steps": 1785,
  "peak_clifft_bytes": 16384,
  "peak_ttn_bytes": 36784,
  "peak_nc_bytes": 16576,
  "peak_nc_bytes_resident": 9112,
  "peak_dense_over_ttn": 0.4454110482818617,
  "peak_dense_over_nc": 0.9884169884169884,
  "peak_ttn_over_nc": 2.219111969111969,
  "sum_clifft_bytes": 8229312,
  "sum_ttn_bytes": 8466176,
  "sum_nc_bytes": 4184308,
  "sum_nc_bytes_resident": 4121644,
  "sum_dense_over_ttn": 0.9720223156239606,
  "sum_dense_over_nc": 1.966707995682918,
  "sum_ttn_over_nc": 2.023315683262322,
  "max_active_idents": 10,
  "peak_clifft_qubits": 10,
  "peak_ttn_qubits": 11.17,
  "peak_nc_qubits": 10,
  "peak_nc_qubits_resident": 9
}